{
    "train": {
        "accuracy": 9.601732663195774,
        "loss": 0.0568336701902914
    },
    "val": {
        "accuracy": 9.549476437470382,
        "loss": 0.4804180743587152
    },
    "step": 9
}
