step	loss
0	9.804706981770272
1	8.615503520879505
2	7.730566546198583
3	6.150348066364814
4	5.052463433796717
5	4.034724663847429
6	3.228513455334417
7	2.11963016872233
8	1.1464875482972863
9	0.0568336701902914
